"date","fremont_bridge_nb","fremont_bridge_sb"
"2017-01-09T06:00:00.000","55","28"
"2017-01-04T20:00:00.000","10","19"
"2017-01-18T13:00:00.000","18","18"
"2017-01-06T11:00:00.000","15","22"
"2017-01-27T11:00:00.000","38","39"
"2017-01-08T14:00:00.000","10","6"
"2017-01-06T23:00:00.000","3","8"
"2017-01-27T13:00:00.000","35","45"
"2017-01-18T03:00:00.000","0","1"
"2017-01-01T08:00:00.000","2","3"
"2017-01-07T02:00:00.000","1","2"
"2017-01-21T11:00:00.000","51","43"
"2017-01-07T16:00:00.000","27","22"
"2017-01-15T01:00:00.000","3","1"
"2017-01-22T06:00:00.000","2","0"
"2017-01-06T16:00:00.000","40","114"
"2017-01-30T04:00:00.000","2","4"
"2017-01-10T19:00:00.000","28","61"
"2015-11-15T02:00:00.000","0","0"
"2017-01-24T01:00:00.000","3","3"
"2017-01-01T01:00:00.000","5","14"
"2017-01-15T07:00:00.000","5","3"
"2017-01-25T11:00:00.000","35","25"
"2017-01-15T14:00:00.000","46","59"
"2017-01-16T10:00:00.000","41","37"
"2017-01-19T15:00:00.000","18","36"
"2012-10-03T02:00:00.000","1","1"
"2015-11-29T04:00:00.000","0","0"
"2017-01-09T23:00:00.000","4","3"
"2017-01-04T10:00:00.000","26","31"
"2017-01-09T01:00:00.000","0","0"
"2017-01-28T14:00:00.000","75","34"
"2017-01-26T13:00:00.000","28","25"
"2017-01-08T02:00:00.000","1","0"
"2017-01-09T12:00:00.000","19","10"
"2017-01-16T18:00:00.000","39","82"
"2017-01-01T05:00:00.000","0","0"
"2017-01-15T05:00:00.000","3","1"
"2017-01-04T11:00:00.000","14","15"
"2017-01-31T15:00:00.000","52","58"
"2017-01-06T06:00:00.000","34","31"
"2017-01-03T18:00:00.000","48","132"
"2017-01-04T03:00:00.000","1","0"
"2017-01-08T12:00:00.000","14","11"
"2017-01-11T17:00:00.000","70","225"
"2017-01-28T22:00:00.000","3","14"
"2017-01-07T21:00:00.000","3","5"
"2017-01-21T03:00:00.000","1","0"
"2017-01-29T01:00:00.000","2","4"
"2017-01-11T15:00:00.000","20","34"
"2017-01-24T18:00:00.000","86","193"
"2017-01-26T01:00:00.000","0","0"
"2017-01-30T14:00:00.000","30","38"
"2017-01-05T08:00:00.000","162","107"
"2017-01-27T14:00:00.000","47","40"
"2017-01-15T15:00:00.000","55","44"
"2017-01-18T19:00:00.000","21","44"
"2017-01-19T11:00:00.000","17","22"
"2017-01-04T15:00:00.000","28","48"
"2017-01-16T21:00:00.000","6","10"
"2017-01-21T19:00:00.000","6","17"
"2017-01-06T10:00:00.000","40","31"
"2017-01-01T09:00:00.000","7","4"
"2017-01-29T20:00:00.000","5","21"
"2017-01-28T13:00:00.000","77","54"
"2017-01-22T20:00:00.000","7","8"
"2017-01-03T23:00:00.000","1","2"
"2017-01-13T16:00:00.000","51","115"
"2017-01-13T21:00:00.000","14","12"
"2017-01-06T20:00:00.000","13","20"
"2017-01-13T01:00:00.000","4","1"
"2017-01-22T05:00:00.000","4","1"
"2017-01-15T04:00:00.000","0","0"
"2012-10-05T01:00:00.000","4","4"
"2017-01-13T03:00:00.000","0","0"
"2012-10-05T03:00:00.000","2","2"
"2017-01-27T22:00:00.000","6","23"
"2017-01-23T20:00:00.000","22","45"
"2017-01-09T02:00:00.000","0","0"
"2017-01-24T16:00:00.000","50","131"
"2017-01-01T12:00:00.000","17","8"
"2017-01-23T12:00:00.000","25","39"
"2017-01-11T03:00:00.000","0","0"
"2017-01-26T14:00:00.000","29","36"
"2017-01-29T19:00:00.000","2","42"
"2017-01-10T17:00:00.000","80","203"
"2017-01-06T22:00:00.000","3","9"
"2017-01-08T19:00:00.000","3","2"
"2017-01-11T01:00:00.000","0","0"
"2017-01-28T12:00:00.000","56","46"
"2017-01-01T23:00:00.000","2","3"
"2017-01-31T03:00:00.000","1","0"
"2017-01-29T12:00:00.000","50","38"
"2017-01-11T05:00:00.000","16","9"
"2017-01-23T06:00:00.000","59","35"
"2012-10-05T23:00:00.000","16","16"
"2017-01-25T18:00:00.000","83","176"
"2017-01-17T09:00:00.000","75","85"
"2017-01-20T12:00:00.000","25","23"
"2017-01-15T16:00:00.000","32","30"
"2017-01-24T00:00:00.000","3","2"
"2017-01-28T15:00:00.000","55","71"
"2017-01-05T14:00:00.000","20","30"
"2017-01-10T18:00:00.000","59","141"
"2017-01-04T00:00:00.000","2","1"
"2017-01-17T22:00:00.000","2","2"
"2017-01-13T17:00:00.000","65","193"
"2017-01-27T18:00:00.000","60","154"
"2017-01-16T04:00:00.000","1","2"
"2017-01-16T07:00:00.000","69","36"
"2017-01-22T19:00:00.000","7","9"
"2017-01-14T19:00:00.000","6","13"
"2017-01-19T00:00:00.000","0","0"
"2017-01-09T21:00:00.000","4","6"
"2017-01-12T12:00:00.000","20","17"
"2017-01-01T06:00:00.000","2","2"
"2017-01-26T20:00:00.000","14","41"
"2017-01-04T17:00:00.000","73","231"
"2017-01-28T09:00:00.000","29","25"
"2017-01-29T15:00:00.000","36","21"
"2017-01-08T07:00:00.000","5","3"
"2017-01-16T01:00:00.000","2","0"
"2017-01-24T21:00:00.000","14","24"
"2017-01-03T08:00:00.000","175","97"
"2017-01-23T11:00:00.000","25","29"
"2017-01-19T19:00:00.000","29","64"
"2017-01-06T00:00:00.000","3","1"
"2017-01-30T19:00:00.000","28","86"
"2017-01-27T04:00:00.000","4","3"
"2017-01-17T20:00:00.000","6","22"
"2017-01-14T14:00:00.000","45","31"
"2017-01-17T04:00:00.000","4","2"
"2017-01-02T06:00:00.000","7","4"
"2017-01-01T21:00:00.000","3","5"
"2017-01-19T13:00:00.000","32","17"
"2017-01-24T05:00:00.000","16","15"
"2017-01-23T01:00:00.000","2","1"
"2017-01-15T08:00:00.000","13","11"
"2017-01-23T18:00:00.000","90","187"
"2017-01-08T05:00:00.000","1","1"
"2017-01-07T01:00:00.000","0","1"
"2017-01-05T13:00:00.000","22","20"
"2012-10-07T22:00:00.000","9","9"
"2017-01-05T01:00:00.000","0","1"
"2017-01-07T05:00:00.000","4","0"
"2012-10-08T01:00:00.000","2","2"
"2017-01-02T03:00:00.000","1","0"
"2017-01-10T16:00:00.000","53","87"
"2017-01-24T06:00:00.000","58","36"
"2017-01-22T03:00:00.000","1","0"
"2017-01-06T09:00:00.000","84","58"
"2017-01-15T22:00:00.000","5","7"
"2017-01-14T12:00:00.000","41","38"
"2017-01-27T01:00:00.000","1","3"
"2017-01-02T22:00:00.000","3","1"
"2017-01-10T09:00:00.000","83","67"
"2017-01-19T22:00:00.000","7","12"
"2017-01-19T18:00:00.000","54","159"
"2017-01-20T08:00:00.000","180","166"
"2017-01-17T03:00:00.000","0","1"
"2017-01-18T04:00:00.000","5","1"
"2017-01-20T19:00:00.000","24","63"
"2017-01-13T13:00:00.000","26","22"
"2017-01-15T00:00:00.000","4","2"
"2017-01-19T16:00:00.000","51","110"
"2017-01-04T07:00:00.000","111","50"
"2017-01-09T14:00:00.000","10","13"
"2017-01-30T11:00:00.000","28","22"
"2017-01-25T14:00:00.000","17","23"
"2017-01-22T17:00:00.000","14","17"
"2012-10-09T02:00:00.000","2","2"
"2017-01-18T10:00:00.000","12","20"
"2017-01-01T14:00:00.000","16","26"
"2017-01-17T12:00:00.000","11","18"
"2017-01-22T09:00:00.000","12","9"
"2017-01-23T08:00:00.000","256","150"
"2017-01-07T14:00:00.000","25","23"
"2017-01-23T14:00:00.000","25","48"
"2017-01-18T11:00:00.000","12","17"
"2017-01-14T15:00:00.000","31","30"
"2017-01-22T08:00:00.000","9","12"
"2017-01-22T01:00:00.000","0","6"
"2012-10-09T14:00:00.000","54","54"
"2017-01-21T00:00:00.000","3","11"
"2017-01-26T08:00:00.000","247","154"
"2017-01-15T17:00:00.000","21","18"
"2017-01-05T12:00:00.000","23","19"
"2017-01-19T14:00:00.000","20","24"
"2017-01-13T11:00:00.000","22","20"
"2017-01-27T06:00:00.000","45","22"
"2012-10-09T22:00:00.000","17","17"
"2017-01-01T04:00:00.000","0","1"
"2017-01-12T23:00:00.000","13","4"
"2017-01-14T10:00:00.000","37","28"
"2017-01-30T01:00:00.000","0","2"
"2017-01-05T05:00:00.000","17","8"
"2017-01-15T13:00:00.000","69","53"
"2017-01-05T11:00:00.000","31","25"
"2017-01-31T19:00:00.000","27","89"
"2017-01-25T12:00:00.000","31","21"
"2017-01-20T07:00:00.000","149","78"
"2017-01-24T15:00:00.000","39","60"
"2017-01-14T03:00:00.000","0","2"
"2017-01-21T20:00:00.000","3","7"
"2017-01-09T09:00:00.000","82","83"
"2017-01-01T03:00:00.000","0","2"
"2017-01-14T22:00:00.000","6","4"
"2017-01-18T01:00:00.000","0","0"
"2012-10-10T15:00:00.000","65","65"
"2017-01-03T19:00:00.000","26","47"
"2017-01-01T10:00:00.000","7","6"
"2017-01-30T21:00:00.000","9","28"
"2017-01-28T05:00:00.000","1","2"
"2017-01-17T06:00:00.000","51","26"
"2017-01-22T23:00:00.000","2","5"
"2015-11-21T02:00:00.000","0","0"
"2017-01-27T10:00:00.000","41","41"
"2017-01-08T16:00:00.000","5","8"
"2017-01-03T02:00:00.000","2","0"
"2017-01-27T02:00:00.000","1","0"
"2017-01-03T04:00:00.000","7","2"
"2017-01-11T00:00:00.000","2","1"
"2017-01-23T07:00:00.000","175","94"
"2017-01-02T02:00:00.000","1","0"
"2017-01-11T16:00:00.000","56","103"
"2017-01-19T08:00:00.000","193","135"
"2017-01-22T07:00:00.000","8","4"
"2017-01-15T12:00:00.000","46","45"
"2017-01-11T08:00:00.000","162","106"
"2017-01-17T16:00:00.000","43","89"
"2017-01-26T15:00:00.000","42","52"
"2017-01-14T09:00:00.000","20","23"
"2017-01-19T02:00:00.000","0","1"
"2012-10-11T16:00:00.000","135","135"
"2017-01-12T05:00:00.000","15","12"
"2017-01-30T00:00:00.000","0","1"
"2017-01-05T16:00:00.000","48","114"
"2017-01-03T15:00:00.000","25","42"
"2017-01-25T16:00:00.000","62","105"
"2017-01-07T13:00:00.000","23","28"
"2017-01-12T06:00:00.000","37","23"
"2017-01-26T04:00:00.000","5","2"
"2017-01-16T20:00:00.000","7","16"
"2017-01-29T16:00:00.000","23","36"
"2017-01-08T13:00:00.000","6","11"
"2017-01-18T15:00:00.000","23","29"
"2017-01-26T19:00:00.000","38","96"
"2017-01-31T11:00:00.000","24","23"
"2017-01-18T09:00:00.000","51","37"
"2017-01-07T22:00:00.000","2","4"
"2017-01-29T03:00:00.000","1","2"
"2017-01-07T23:00:00.000","3","5"
"2017-01-02T10:00:00.000","20","23"
"2017-01-19T06:00:00.000","43","19"
"2017-01-10T20:00:00.000","9","32"
"2017-01-01T07:00:00.000","1","1"
"2017-01-25T19:00:00.000","37","77"
"2017-01-16T17:00:00.000","53","146"
"2017-01-10T15:00:00.000","27","51"
"2017-01-14T02:00:00.000","2","0"
"2017-01-08T23:00:00.000","2","2"
"2017-01-19T21:00:00.000","12","19"
"2017-01-29T09:00:00.000","30","22"
"2017-01-22T10:00:00.000","9","8"
"2017-01-10T11:00:00.000","17","20"
"2017-01-07T17:00:00.000","12","14"
"2017-01-06T13:00:00.000","25","29"
"2017-01-19T20:00:00.000","15","36"
"2017-01-29T11:00:00.000","41","33"
"2017-01-26T05:00:00.000","23","11"
"2017-01-28T00:00:00.000","5","8"
"2017-01-12T07:00:00.000","105","58"
"2017-01-26T23:00:00.000","4","9"
"2017-01-06T02:00:00.000","0","0"
"2017-01-23T04:00:00.000","1","2"
"2017-01-12T22:00:00.000","17","13"
"2017-01-27T00:00:00.000","1","5"
"2017-01-25T03:00:00.000","0","0"
"2017-01-21T08:00:00.000","30","34"
"2017-01-01T11:00:00.000","9","12"
"2017-01-30T20:00:00.000","19","36"
"2017-01-04T16:00:00.000","54","101"
"2012-10-13T17:00:00.000","25","25"
"2017-01-20T18:00:00.000","59","137"
"2017-01-05T02:00:00.000","0","1"
"2017-01-06T15:00:00.000","30","52"
"2017-01-07T04:00:00.000","0","0"
"2017-01-02T17:00:00.000","19","26"
"2017-01-12T13:00:00.000","27","20"
"2012-10-14T00:00:00.000","3","3"
"2017-01-10T06:00:00.000","53","32"
"2012-10-14T02:00:00.000","4","4"
"2017-01-20T11:00:00.000","33","19"
"2017-01-29T00:00:00.000","6","11"
"2017-01-13T19:00:00.000","24","40"
"2017-01-18T14:00:00.000","13","11"
"2017-01-30T18:00:00.000","74","228"
"2017-01-22T12:00:00.000","13","15"
"2017-01-10T22:00:00.000","4","9"
"2017-01-31T12:00:00.000","29","18"
"2017-01-31T14:00:00.000","18","26"
"2017-01-06T21:00:00.000","9","4"
"2017-01-31T08:00:00.000","237","168"
"2017-01-08T21:00:00.000","5","2"
"2017-01-29T10:00:00.000","23","37"
"2017-01-02T20:00:00.000","6","6"
"2017-01-22T16:00:00.000","32","20"
"2017-01-10T03:00:00.000","0","0"
"2017-01-21T14:00:00.000","59","128"
"2017-01-26T09:00:00.000","118","87"
"2017-01-24T20:00:00.000","18","44"
"2017-01-01T22:00:00.000","2","4"
"2017-01-07T15:00:00.000","25","30"
"2017-01-26T18:00:00.000","89","184"
"2017-01-29T07:00:00.000","5","7"
"2017-01-16T06:00:00.000","21","23"
"2017-01-24T12:00:00.000","28","20"
"2017-01-01T19:00:00.000","1","2"
"2017-01-07T03:00:00.000","0","0"
"2017-01-17T17:00:00.000","59","217"
"2017-01-18T07:00:00.000","104","64"
"2017-01-25T07:00:00.000","163","82"
"2017-01-20T02:00:00.000","0","0"
"2017-01-12T10:00:00.000","39","28"
"2017-01-03T06:00:00.000","46","29"
"2017-01-15T10:00:00.000","24","15"
"2017-01-20T14:00:00.000","23","42"
"2017-01-07T19:00:00.000","6","8"
"2017-01-18T23:00:00.000","6","3"
"2017-01-29T17:00:00.000","32","30"
"2017-01-14T13:00:00.000","57","34"
"2017-01-16T09:00:00.000","53","49"
"2017-01-20T03:00:00.000","1","0"
"2017-01-17T21:00:00.000","3","9"
"2017-01-11T12:00:00.000","22","14"
"2012-10-15T21:00:00.000","18","18"
"2015-11-08T02:00:00.000","0","0"
"2012-10-15T23:00:00.000","7","7"
"2017-01-06T14:00:00.000","17","24"
"2017-01-07T11:00:00.000","32","22"
"2017-01-08T15:00:00.000","8","8"
"2017-01-29T02:00:00.000","1","3"
"2017-01-30T17:00:00.000","100","354"
"2017-01-05T18:00:00.000","58","127"
"2017-01-13T04:00:00.000","2","1"
"2017-01-08T22:00:00.000","2","3"
"2017-01-20T01:00:00.000","3","0"
"2017-01-10T13:00:00.000","20","15"
"2017-01-20T15:00:00.000","40","53"
"2017-01-17T13:00:00.000","13","15"
"2017-01-02T05:00:00.000","2","2"
"2017-01-26T02:00:00.000","3","2"
"2017-01-25T09:00:00.000","113","74"
"2017-01-04T01:00:00.000","0","1"
"2017-01-31T23:00:00.000","6","9"
"2017-01-12T00:00:00.000","2","4"
"2017-01-12T17:00:00.000","68","194"
"2017-01-03T11:00:00.000","17","25"
"2017-01-14T08:00:00.000","14","13"
"2017-01-20T17:00:00.000","88","254"
"2017-01-13T10:00:00.000","30","31"
"2017-01-10T21:00:00.000","6","12"
"2017-01-21T18:00:00.000","8","31"
"2012-10-17T01:00:00.000","3","3"
"2017-01-16T12:00:00.000","40","53"
"2017-01-06T18:00:00.000","41","122"
"2017-01-04T22:00:00.000","8","4"
"2017-01-10T14:00:00.000","19","27"
"2017-01-15T09:00:00.000","17","13"
"2017-01-25T20:00:00.000","22","27"
"2017-01-04T14:00:00.000","17","27"
"2017-01-17T02:00:00.000","0","1"
"2017-01-12T16:00:00.000","54","87"
"2017-01-10T10:00:00.000","25","28"
"2017-01-12T08:00:00.000","158","113"
"2017-01-14T00:00:00.000","1","1"
"2017-01-02T16:00:00.000","25","29"
"2017-01-24T13:00:00.000","42","28"
"2017-01-22T18:00:00.000","14","14"
"2017-01-28T01:00:00.000","3","2"
"2017-01-02T15:00:00.000","37","29"
"2017-01-24T03:00:00.000","1","0"
"2017-01-28T16:00:00.000","78","58"
"2017-01-10T12:00:00.000","21","19"
"2017-01-01T17:00:00.000","10","17"
"2017-01-22T11:00:00.000","15","11"
"2017-01-20T00:00:00.000","1","1"
"2017-01-25T22:00:00.000","3","9"
"2017-01-28T20:00:00.000","7","19"
"2017-01-17T05:00:00.000","12","8"
"2017-01-11T19:00:00.000","29","65"
"2017-01-01T20:00:00.000","1","2"
"2017-01-10T08:00:00.000","158","112"
"2017-01-09T17:00:00.000","91","283"
"2017-01-22T13:00:00.000","16","18"
"2017-01-15T19:00:00.000","13","16"
"2017-01-21T04:00:00.000","1","1"
"2017-01-15T02:00:00.000","1","1"
"2017-01-30T16:00:00.000","64","136"
"2017-01-14T07:00:00.000","7","6"
"2017-01-08T11:00:00.000","17","8"
"2017-01-31T17:00:00.000","93","341"
"2017-01-20T13:00:00.000","43","34"
"2017-01-20T16:00:00.000","57","160"
"2017-01-31T02:00:00.000","0","0"
"2017-01-11T20:00:00.000","14","22"
"2017-01-19T01:00:00.000","1","1"
"2017-01-11T14:00:00.000","15","22"
"2017-01-25T13:00:00.000","17","27"
"2017-01-29T23:00:00.000","1","7"
"2012-10-18T23:00:00.000","7","7"
"2017-01-20T10:00:00.000","30","26"
"2017-01-07T08:00:00.000","17","12"
"2017-01-31T00:00:00.000","1","2"
"2017-01-11T11:00:00.000","25","13"
"2017-01-21T17:00:00.000","24","28"
"2017-01-29T08:00:00.000","19","22"
"2017-01-01T18:00:00.000","7","9"
"2017-01-18T21:00:00.000","6","15"
"2017-01-02T18:00:00.000","16","15"
"2017-01-20T09:00:00.000","101","82"
"2017-01-28T23:00:00.000","3","10"
"2012-10-19T11:00:00.000","26","26"
"2017-01-15T06:00:00.000","2","5"
"2017-01-21T07:00:00.000","12","9"
"2017-01-12T02:00:00.000","1","1"
"2017-01-31T13:00:00.000","24","27"
"2017-01-14T01:00:00.000","1","6"
"2017-01-08T06:00:00.000","1","5"
"2017-01-07T18:00:00.000","14","15"
"2017-01-19T03:00:00.000","0","0"
"2017-01-16T22:00:00.000","6","3"
"2017-01-27T05:00:00.000","13","12"
"2017-01-02T13:00:00.000","27","31"
"2017-01-09T00:00:00.000","2","1"
"2017-01-21T12:00:00.000","75","54"
"2017-01-20T05:00:00.000","13","6"
"2017-01-04T12:00:00.000","14","21"
"2017-01-02T04:00:00.000","0","1"
"2017-01-04T05:00:00.000","19","7"
"2017-01-03T09:00:00.000","70","60"
"2017-01-13T09:00:00.000","69","70"
"2017-01-04T21:00:00.000","9","15"
"2017-01-30T05:00:00.000","19","13"
"2017-01-25T04:00:00.000","7","0"
"2017-01-05T15:00:00.000","33","47"
"2017-01-21T21:00:00.000","13","11"
"2017-01-27T16:00:00.000","81","179"
"2017-01-08T18:00:00.000","4","4"
"2017-01-09T18:00:00.000","48","188"
"2017-01-06T01:00:00.000","0","1"
"2017-01-30T06:00:00.000","62","41"
"2017-01-24T08:00:00.000","232","139"
"2017-01-03T05:00:00.000","11","11"
"2012-10-20T19:00:00.000","18","18"
"2017-01-18T06:00:00.000","47","23"
"2017-01-07T10:00:00.000","18","12"
"2012-10-20T22:00:00.000","6","6"
"2017-01-05T23:00:00.000","3","5"
"2017-01-29T13:00:00.000","28","35"
"2017-01-03T14:00:00.000","13","18"
"2017-01-26T16:00:00.000","72","138"
"2017-01-23T23:00:00.000","3","8"
"2017-01-16T11:00:00.000","31","27"
"2012-10-21T05:00:00.000","4","4"
"2017-01-06T05:00:00.000","11","13"
"2017-01-21T06:00:00.000","7","3"
"2017-01-21T09:00:00.000","49","33"
"2017-01-25T17:00:00.000","87","297"
"2017-01-19T05:00:00.000","12","9"
"2017-01-13T23:00:00.000","3","6"
"2017-01-06T19:00:00.000","15","49"
"2017-01-05T22:00:00.000","5","6"
"2017-01-19T12:00:00.000","30","16"
"2017-01-15T20:00:00.000","6","7"
"2017-01-22T15:00:00.000","20","26"
"2017-01-13T20:00:00.000","8","21"
"2017-01-13T08:00:00.000","139","97"
"2017-01-27T03:00:00.000","1","0"
"2017-01-05T06:00:00.000","36","25"
"2017-01-30T08:00:00.000","256","154"
"2017-01-18T18:00:00.000","49","115"
"2017-01-30T03:00:00.000","1","1"
"2017-01-09T15:00:00.000","27","31"
"2017-01-23T00:00:00.000","0","1"
"2017-01-16T05:00:00.000","8","2"
"2017-01-17T23:00:00.000","1","2"
"2012-10-22T04:00:00.000","5","5"
"2017-01-27T08:00:00.000","194","148"
"2017-01-25T08:00:00.000","233","152"
"2017-01-14T05:00:00.000","3","1"
"2017-01-10T02:00:00.000","1","0"
"2017-01-18T12:00:00.000","17","14"
"2017-01-10T23:00:00.000","3","2"
"2017-01-28T02:00:00.000","1","2"
"2017-01-28T06:00:00.000","2","4"
"2012-10-22T13:00:00.000","20","20"
"2017-01-07T00:00:00.000","5","6"
"2017-01-11T23:00:00.000","2","3"
"2017-01-25T23:00:00.000","5","3"
"2017-01-08T04:00:00.000","0","0"
"2017-01-30T02:00:00.000","1","1"
"2017-01-28T07:00:00.000","9","14"
"2017-01-17T01:00:00.000","1","3"
"2017-01-18T17:00:00.000","47","175"
"2017-01-23T19:00:00.000","37","81"
"2017-01-30T12:00:00.000","12","34"
"2012-10-23T00:00:00.000","3","3"
"2012-10-23T01:00:00.000","1","1"
"2017-01-24T11:00:00.000","31","33"
"2017-01-06T08:00:00.000","161","93"
"2017-01-01T13:00:00.000","19","16"
"2017-01-02T09:00:00.000","21","11"
"2017-01-03T07:00:00.000","120","64"
"2017-01-04T06:00:00.000","36","32"
"2017-01-31T04:00:00.000","3","3"
"2017-01-28T11:00:00.000","60","47"
"2017-01-29T05:00:00.000","4","3"
"2017-01-27T07:00:00.000","155","76"
"2017-01-02T21:00:00.000","8","7"
"2017-01-01T00:00:00.000","0","5"
"2012-10-23T14:00:00.000","38","38"
"2017-01-27T12:00:00.000","29","28"
"2017-01-19T04:00:00.000","3","1"
"2017-01-14T06:00:00.000","6","3"
"2017-01-11T02:00:00.000","0","0"
"2017-01-24T07:00:00.000","188","104"
"2017-01-16T02:00:00.000","0","1"
"2017-01-02T07:00:00.000","13","4"
"2017-01-06T07:00:00.000","90","47"
"2017-01-07T06:00:00.000","4","2"
"2017-01-05T09:00:00.000","83","59"
"2017-01-21T23:00:00.000","3","12"
"2017-01-03T00:00:00.000","0","3"
"2017-01-16T13:00:00.000","39","33"
"2017-01-25T21:00:00.000","14","29"
"2017-01-08T01:00:00.000","1","3"
"2017-01-05T21:00:00.000","6","18"
"2017-01-18T16:00:00.000","46","90"
"2017-01-11T22:00:00.000","9","11"
"2017-01-31T09:00:00.000","98","100"
"2017-01-11T10:00:00.000","35","47"
"2017-01-29T06:00:00.000","4","4"
"2017-01-03T21:00:00.000","5","4"
"2017-01-16T03:00:00.000","0","0"
"2017-01-25T06:00:00.000","59","41"
"2017-01-13T15:00:00.000","40","53"
"2017-01-23T21:00:00.000","11","22"
"2017-01-14T23:00:00.000","1","3"
"2017-01-18T02:00:00.000","0","0"
"2017-01-26T17:00:00.000","78","309"
"2017-01-22T22:00:00.000","2","3"
"2017-01-17T14:00:00.000","10","13"
"2017-01-12T18:00:00.000","68","143"
"2017-01-11T06:00:00.000","51","21"
"2017-01-23T03:00:00.000","1","1"
"2017-01-14T17:00:00.000","22","25"
"2017-01-03T13:00:00.000","10","17"
"2017-01-06T12:00:00.000","27","24"
"2017-01-19T17:00:00.000","70","233"
"2017-01-01T15:00:00.000","29","11"
"2017-01-20T23:00:00.000","7","13"
"2017-01-23T13:00:00.000","31","40"
"2017-01-04T08:00:00.000","175","103"
"2017-01-25T01:00:00.000","0","3"
"2017-01-24T19:00:00.000","41","90"
"2017-01-03T03:00:00.000","0","0"
"2017-01-22T14:00:00.000","22","18"
"2017-01-19T09:00:00.000","83","72"
"2017-01-21T10:00:00.000","78","42"
"2017-01-09T16:00:00.000","52","107"
"2017-01-03T20:00:00.000","8","16"
"2017-01-27T23:00:00.000","8","10"
"2017-01-14T20:00:00.000","13","4"
"2017-01-13T00:00:00.000","2","2"
"2017-01-30T13:00:00.000","26","34"
"2017-01-14T18:00:00.000","15","16"
"2017-01-16T15:00:00.000","40","59"
"2015-11-08T04:00:00.000","0","0"
"2017-01-13T22:00:00.000","3","9"
"2017-01-09T08:00:00.000","202","131"
"2017-01-21T13:00:00.000","62","84"
"2017-01-05T10:00:00.000","30","27"
"2017-01-02T11:00:00.000","21","26"
"2017-01-21T16:00:00.000","49","69"
"2017-01-06T17:00:00.000","64","168"
"2017-01-08T09:00:00.000","11","11"
"2017-01-12T20:00:00.000","12","35"
"2017-01-26T10:00:00.000","22","35"
"2017-01-23T09:00:00.000","106","85"
"2017-01-25T15:00:00.000","28","47"
"2017-01-05T04:00:00.000","3","1"
"2017-01-24T14:00:00.000","22","25"
"2017-01-21T15:00:00.000","55","125"
"2017-01-07T20:00:00.000","4","9"
"2017-01-16T16:00:00.000","24","67"
"2017-01-24T04:00:00.000","3","2"
"2017-01-25T02:00:00.000","1","0"
"2017-01-21T05:00:00.000","7","4"
"2017-01-17T19:00:00.000","14","64"
"2017-01-19T07:00:00.000","123","72"
"2017-01-24T17:00:00.000","108","306"
"2017-01-11T09:00:00.000","80","75"
"2017-01-23T05:00:00.000","12","12"
"2012-10-27T00:00:00.000","6","6"
"2017-01-13T05:00:00.000","12","8"
"2017-01-12T09:00:00.000","80","63"
"2012-10-27T03:00:00.000","1","1"
"2017-01-20T21:00:00.000","13","20"
"2017-01-31T22:00:00.000","4","15"
"2017-01-16T08:00:00.000","93","65"
"2017-01-17T10:00:00.000","27","28"
"2017-01-09T20:00:00.000","13","28"
"2017-01-10T00:00:00.000","2","3"
"2017-01-13T07:00:00.000","112","57"
"2017-01-22T02:00:00.000","2","1"
"2017-01-23T17:00:00.000","104","345"
"2017-01-13T12:00:00.000","23","17"
"2017-01-29T04:00:00.000","0","1"
"2015-11-10T01:00:00.000","0","0"
"2017-01-08T08:00:00.000","8","9"
"2017-01-24T02:00:00.000","2","1"
"2017-01-09T13:00:00.000","16","18"
"2017-01-03T17:00:00.000","76","245"
"2017-01-09T22:00:00.000","6","6"
"2017-01-26T12:00:00.000","20","31"
"2017-01-02T23:00:00.000","3","2"
"2017-01-03T22:00:00.000","1","7"
"2012-10-28T00:00:00.000","5","5"
"2017-01-13T14:00:00.000","19","31"
"2017-01-06T04:00:00.000","2","1"
"2017-01-09T04:00:00.000","5","2"
"2017-01-23T22:00:00.000","6","11"
"2017-01-27T19:00:00.000","29","49"
"2017-01-10T04:00:00.000","5","1"
"2017-01-12T15:00:00.000","33","42"
"2017-01-12T14:00:00.000","30","24"
"2017-01-26T06:00:00.000","63","40"
"2017-01-29T22:00:00.000","6","7"
"2017-01-05T07:00:00.000","122","58"
"2017-01-02T00:00:00.000","0","1"
"2017-01-31T05:00:00.000","17","16"
"2017-01-16T14:00:00.000","44","39"
"2017-01-31T07:00:00.000","195","109"
"2017-01-26T22:00:00.000","12","15"
"2017-01-28T21:00:00.000","12","13"
"2017-01-31T21:00:00.000","19","13"
"2017-01-21T02:00:00.000","1","1"
"2017-01-28T18:00:00.000","28","31"
"2017-01-14T16:00:00.000","34","22"
"2017-01-24T10:00:00.000","38","45"
"2017-01-02T14:00:00.000","36","37"
"2017-01-17T18:00:00.000","48","143"
"2017-01-12T01:00:00.000","1","0"
"2017-01-22T00:00:00.000","3","5"
"2017-01-24T22:00:00.000","5","13"
"2017-01-20T06:00:00.000","42","27"
"2017-01-27T17:00:00.000","97","284"
"2017-01-24T23:00:00.000","9","6"
"2017-01-02T01:00:00.000","0","1"
"2017-01-05T17:00:00.000","61","211"
"2017-01-03T12:00:00.000","16","18"
"2017-01-25T05:00:00.000","15","13"
"2017-01-31T16:00:00.000","73","135"
"2017-01-19T10:00:00.000","31","32"
"2017-01-29T21:00:00.000","6","7"
"2017-01-28T19:00:00.000","11","20"
"2017-01-15T18:00:00.000","14","14"
"2017-01-26T00:00:00.000","3","2"
"2017-01-18T08:00:00.000","114","71"
"2017-01-17T11:00:00.000","23","13"
"2017-01-31T10:00:00.000","43","40"
"2017-01-25T00:00:00.000","6","5"
"2017-01-11T18:00:00.000","62","163"
"2017-01-14T04:00:00.000","0","0"
"2017-01-23T16:00:00.000","81","128"
"2017-01-22T04:00:00.000","0","0"
"2017-01-12T21:00:00.000","9","20"
"2017-01-09T10:00:00.000","30","34"
"2017-01-02T19:00:00.000","4","13"
"2012-10-30T04:00:00.000","3","3"
"2017-01-09T07:00:00.000","157","71"
"2017-01-20T20:00:00.000","13","36"
"2017-01-20T22:00:00.000","10","16"
"2017-01-01T16:00:00.000","21","11"
"2017-01-10T01:00:00.000","0","0"
"2017-01-04T23:00:00.000","6","2"
"2017-01-28T08:00:00.000","33","21"
"2017-01-24T09:00:00.000","121","96"
"2017-01-09T11:00:00.000","20","19"
"2017-01-27T09:00:00.000","76","85"
"2017-01-29T14:00:00.000","38","20"
"2017-01-09T05:00:00.000","12","9"
"2017-01-03T01:00:00.000","1","1"
"2017-01-05T00:00:00.000","0","1"
"2017-01-07T09:00:00.000","22","15"
"2017-01-26T11:00:00.000","28","33"
"2012-10-30T21:00:00.000","8","8"
"2012-10-30T22:00:00.000","8","8"
"2017-01-05T19:00:00.000","18","60"
"2012-10-31T00:00:00.000","2","2"
"2017-01-27T15:00:00.000","54","61"
"2017-01-05T20:00:00.000","6","20"
"2017-01-04T19:00:00.000","16","61"
"2017-01-28T04:00:00.000","1","2"
"2017-01-25T10:00:00.000","28","40"
"2017-01-10T05:00:00.000","17","14"
"2017-01-17T08:00:00.000","180","118"
"2017-01-18T00:00:00.000","2","1"
"2017-01-16T23:00:00.000","3","5"
"2017-01-05T03:00:00.000","0","0"
"2017-01-08T10:00:00.000","19","17"
"2017-01-26T07:00:00.000","164","78"
"2017-01-08T03:00:00.000","1","1"
"2017-01-31T06:00:00.000","67","36"
"2017-01-08T20:00:00.000","1","6"
"2017-01-30T09:00:00.000","102","87"
"2017-01-04T18:00:00.000","60","138"
"2017-01-16T19:00:00.000","22","42"
"2017-01-23T15:00:00.000","45","63"
"2017-01-03T16:00:00.000","49","111"
"2017-01-06T03:00:00.000","0","0"
"2017-01-30T10:00:00.000","39","40"
"2017-01-07T12:00:00.000","27","20"
"2017-01-31T01:00:00.000","1","1"
"2017-01-28T10:00:00.000","63","36"
"2012-11-01T02:00:00.000","1","1"
"2012-11-01T03:00:00.000","0","0"
"2017-01-26T03:00:00.000","0","3"
"2017-01-26T21:00:00.000","12","21"
"2017-01-12T11:00:00.000","26","35"
"2017-01-04T04:00:00.000","3","2"
"2017-01-30T22:00:00.000","6","9"
"2017-01-04T13:00:00.000","19","18"
"2017-01-13T18:00:00.000","44","123"
"2017-01-09T19:00:00.000","24","64"
"2017-01-11T04:00:00.000","4","2"
"2017-01-15T21:00:00.000","4","5"
"2017-01-23T10:00:00.000","44","45"
"2017-01-09T03:00:00.000","0","0"
"2017-01-10T07:00:00.000","114","80"
"2017-01-17T00:00:00.000","4","1"
"2017-01-22T21:00:00.000","5","4"
"2017-01-08T00:00:00.000","4","7"
"2017-01-18T22:00:00.000","5","9"
"2017-01-15T23:00:00.000","2","2"
"2017-01-11T21:00:00.000","13","11"
"2017-01-21T22:00:00.000","10","5"
"2017-01-12T19:00:00.000","23","61"
"2017-01-31T20:00:00.000","25","39"
"2017-01-02T12:00:00.000","27","28"
"2017-01-30T07:00:00.000","206","100"
"2012-11-02T04:00:00.000","5","5"
"2017-01-23T02:00:00.000","1","1"
"2017-01-03T10:00:00.000","31","27"
"2017-01-15T11:00:00.000","41","34"
"2017-01-21T01:00:00.000","0","4"
"2017-01-27T21:00:00.000","5","18"
"2017-01-11T13:00:00.000","21","33"
"2017-01-29T18:00:00.000","15","23"
"2012-11-03T04:00:00.000","2","2"
"2012-11-03T05:00:00.000","6","6"
"2015-12-18T21:00:00.000","7","17"
"2015-12-02T23:00:00.000","8","12"
"2015-12-13T03:00:00.000","3","1"
"2015-12-28T11:00:00.000","24","8"
"2015-12-06T21:00:00.000","2","3"
"2015-12-04T01:00:00.000","0","2"
"2015-12-04T14:00:00.000","45","40"
"2015-12-18T22:00:00.000","10","7"
"2015-12-26T02:00:00.000","0","0"
"2015-12-24T14:00:00.000","35","30"
"2015-12-17T11:00:00.000","14","6"
"2015-12-12T20:00:00.000","3","9"
"2015-12-11T13:00:00.000","22","25"
"2015-12-29T20:00:00.000","17","12"
"2015-12-09T05:00:00.000","15","10"
"2015-12-30T19:00:00.000","7","34"
"2015-12-21T15:00:00.000","11","27"
"2012-11-04T02:00:00.000","5","5"
"2015-12-09T02:00:00.000","0","1"
"2017-01-16T00:00:00.000","1","2"
"2015-12-29T09:00:00.000","65","43"
"2015-12-06T19:00:00.000","5","8"
"2015-12-22T02:00:00.000","2","0"
"2015-12-28T02:00:00.000","0","1"
"2015-12-22T20:00:00.000","6","18"
"2012-11-04T09:00:00.000","34","34"
"2015-12-03T19:00:00.000","24","62"
"2015-12-12T22:00:00.000","8","2"
"2015-12-18T16:00:00.000","62","97"
"2015-12-02T15:00:00.000","32","59"
"2015-12-24T02:00:00.000","0","1"
"2012-11-04T15:00:00.000","45","45"
"2015-12-13T21:00:00.000","3","1"
"2015-12-04T16:00:00.000","74","142"
"2015-12-16T04:00:00.000","4","3"
"2015-12-04T19:00:00.000","27","56"
"2015-12-28T04:00:00.000","2","1"
"2015-12-15T04:00:00.000","3","3"
"2015-12-20T18:00:00.000","7","14"
"2015-12-21T02:00:00.000","0","1"
"2015-12-12T10:00:00.000","25","16"
"2015-12-06T06:00:00.000","4","2"
"2012-11-05T02:00:00.000","1","1"
"2015-12-05T20:00:00.000","7","4"
"2015-12-27T19:00:00.000","2","4"
"2015-12-14T13:00:00.000","32","26"
"2015-12-22T18:00:00.000","34","114"
"2015-12-16T10:00:00.000","55","30"
"2015-12-19T00:00:00.000","3","4"
"2015-12-22T16:00:00.000","46","112"
"2015-12-11T08:00:00.000","183","111"
"2015-12-06T16:00:00.000","17","8"
"2015-12-11T21:00:00.000","13","17"
"2015-12-17T20:00:00.000","18","50"
"2015-12-13T14:00:00.000","34","21"
"2015-12-20T15:00:00.000","17","24"
"2015-12-15T16:00:00.000","66","129"
"2015-12-15T06:00:00.000","61","41"
"2015-12-31T21:00:00.000","8","8"
"2015-12-07T16:00:00.000","52","90"
"2015-12-13T07:00:00.000","7","6"
"2015-12-22T22:00:00.000","6","6"
"2015-12-11T20:00:00.000","11","30"
"2015-12-08T04:00:00.000","3","1"
"2012-11-06T00:00:00.000","5","5"
"2015-12-20T20:00:00.000","13","9"
"2015-12-01T03:00:00.000","3","0"
"2015-12-01T23:00:00.000","2","4"
"2015-12-16T13:00:00.000","30","30"
"2015-12-03T18:00:00.000","66","124"
"2015-12-14T19:00:00.000","34","68"
"2015-12-12T01:00:00.000","3","7"
"2015-12-29T21:00:00.000","4","14"
"2015-12-08T05:00:00.000","15","6"
"2015-12-10T16:00:00.000","56","99"
"2015-12-31T23:00:00.000","7","6"
"2015-12-22T23:00:00.000","1","8"
"2015-12-24T07:00:00.000","29","23"
"2015-12-18T07:00:00.000","127","42"
"2015-12-21T12:00:00.000","10","9"
"2015-12-26T22:00:00.000","4","3"
"2015-12-27T16:00:00.000","5","9"
"2015-12-11T14:00:00.000","45","30"
"2015-12-13T18:00:00.000","9","10"
"2015-12-12T03:00:00.000","0","1"
"2015-12-23T11:00:00.000","26","11"
"2015-12-02T16:00:00.000","81","115"
"2015-12-30T16:00:00.000","70","80"
"2012-11-07T00:00:00.000","6","6"
"2015-12-31T09:00:00.000","38","27"
"2015-12-24T11:00:00.000","16","20"
"2015-12-31T18:00:00.000","14","30"
"2015-12-11T05:00:00.000","15","7"
"2015-12-16T07:00:00.000","175","69"
"2015-12-08T18:00:00.000","55","141"
"2015-12-06T14:00:00.000","41","32"
"2015-12-31T17:00:00.000","23","58"
"2015-12-09T09:00:00.000","117","73"
"2015-12-10T18:00:00.000","59","135"
"2015-12-01T09:00:00.000","127","81"
"2015-12-05T06:00:00.000","12","3"
"2015-12-28T12:00:00.000","14","15"
"2015-12-17T12:00:00.000","11","11"
"2015-12-05T17:00:00.000","18","7"
"2015-12-17T02:00:00.000","2","1"
"2015-12-16T06:00:00.000","66","35"
"2015-12-14T23:00:00.000","5","9"
"2015-12-27T00:00:00.000","2","3"
"2015-12-28T06:00:00.000","30","17"
"2015-12-22T06:00:00.000","44","30"
"2015-12-23T02:00:00.000","0","0"
"2015-12-03T01:00:00.000","1","3"
"2015-12-10T04:00:00.000","4","1"
"2012-11-08T00:00:00.000","1","1"
"2012-11-08T01:00:00.000","3","3"
"2015-12-23T08:00:00.000","100","49"
"2015-12-31T03:00:00.000","0","0"
"2015-12-25T01:00:00.000","0","3"
"2015-12-08T21:00:00.000","6","15"
"2015-12-26T03:00:00.000","0","0"
"2015-12-09T19:00:00.000","28","68"
"2015-12-25T02:00:00.000","0","4"
"2015-12-10T05:00:00.000","14","9"
"2015-12-30T14:00:00.000","37","47"
"2015-12-09T03:00:00.000","4","0"
"2015-12-06T09:00:00.000","16","18"
"2015-12-05T00:00:00.000","7","12"
"2015-12-25T14:00:00.000","26","19"
"2015-12-27T12:00:00.000","5","7"
"2015-12-17T10:00:00.000","30","19"
"2015-12-30T00:00:00.000","2","5"
"2015-12-14T22:00:00.000","11","12"
"2015-12-12T07:00:00.000","6","12"
"2015-12-04T13:00:00.000","34","28"
"2015-12-01T10:00:00.000","42","34"
"2015-12-12T14:00:00.000","14","11"
"2015-12-25T15:00:00.000","26","17"
"2015-12-10T07:00:00.000","169","70"
"2015-12-19T05:00:00.000","4","6"
"2015-12-12T19:00:00.000","6","7"
"2015-12-01T13:00:00.000","31","32"
"2015-12-25T20:00:00.000","4","2"
"2015-12-01T06:00:00.000","66","30"
"2015-12-02T05:00:00.000","21","8"
"2015-12-20T04:00:00.000","2","2"
"2015-12-30T12:00:00.000","34","19"
"2015-12-01T21:00:00.000","5","20"
"2015-12-02T10:00:00.000","57","23"
"2015-12-27T08:00:00.000","7","7"
"2015-12-08T15:00:00.000","30","37"
"2012-11-09T13:00:00.000","45","45"
"2015-12-16T05:00:00.000","22","7"
"2015-12-26T14:00:00.000","25","30"
"2015-12-04T21:00:00.000","11","27"
"2015-12-16T21:00:00.000","12","29"
"2015-12-26T20:00:00.000","4","12"
"2015-12-19T11:00:00.000","51","34"
"2015-12-21T00:00:00.000","2","3"
"2015-12-10T20:00:00.000","17","32"
"2015-12-08T22:00:00.000","3","10"
"2012-11-09T23:00:00.000","8","8"
"2015-12-06T04:00:00.000","0","0"
"2012-11-10T01:00:00.000","4","4"
"2015-12-23T21:00:00.000","7","6"
"2015-12-19T23:00:00.000","4","14"
"2012-11-10T04:00:00.000","2","2"
"2015-12-13T22:00:00.000","3","6"
"2015-12-31T16:00:00.000","48","61"
"2015-12-15T03:00:00.000","3","2"
"2015-12-18T00:00:00.000","2","1"
"2015-12-31T08:00:00.000","68","32"
"2015-12-05T11:00:00.000","18","11"
"2015-12-28T21:00:00.000","2","3"
"2015-12-04T12:00:00.000","36","24"
"2015-12-11T22:00:00.000","10","15"
"2015-12-04T18:00:00.000","65","126"
"2015-12-23T19:00:00.000","12","29"
"2015-12-26T19:00:00.000","4","3"
"2015-12-10T10:00:00.000","34","19"
"2015-12-12T17:00:00.000","14","10"
"2012-11-10T19:00:00.000","13","13"
"2015-12-16T18:00:00.000","84","173"
"2015-12-27T09:00:00.000","4","12"
"2015-12-09T08:00:00.000","205","97"
"2015-12-29T01:00:00.000","0","0"
"2015-12-22T17:00:00.000","69","180"
"2015-12-25T03:00:00.000","0","0"
"2015-12-18T19:00:00.000","12","48"
"2015-12-07T01:00:00.000","1","1"
"2015-12-13T01:00:00.000","1","0"
"2015-12-29T05:00:00.000","9","3"
"2015-12-18T13:00:00.000","15","28"
"2015-12-14T09:00:00.000","104","68"
"2015-12-15T12:00:00.000","33","22"
"2015-12-10T08:00:00.000","214","103"
"2015-12-07T11:00:00.000","7","10"
"2015-12-11T03:00:00.000","1","0"
"2015-12-27T04:00:00.000","0","1"
"2015-12-30T21:00:00.000","4","10"
"2015-12-30T08:00:00.000","113","53"
"2015-12-15T15:00:00.000","46","52"
"2015-12-27T01:00:00.000","1","4"
"2015-12-07T22:00:00.000","11","17"
"2015-12-12T15:00:00.000","15","15"
"2015-12-14T10:00:00.000","40","32"
"2015-12-05T19:00:00.000","7","3"
"2015-12-05T09:00:00.000","21","7"
"2015-12-11T00:00:00.000","2","5"
"2015-12-15T23:00:00.000","5","9"
"2015-12-21T01:00:00.000","0","0"
"2015-12-30T09:00:00.000","65","33"
"2015-12-11T15:00:00.000","45","61"
"2012-11-12T02:00:00.000","2","2"
"2015-12-17T23:00:00.000","3","6"
"2012-11-12T04:00:00.000","1","1"
"2015-12-22T13:00:00.000","21","18"
"2015-12-24T05:00:00.000","4","2"
"2015-12-02T21:00:00.000","18","32"
"2015-12-28T00:00:00.000","1","3"
"2015-12-03T12:00:00.000","17","16"
"2015-12-21T09:00:00.000","52","37"
"2015-12-03T14:00:00.000","25","25"
"2015-12-25T22:00:00.000","1","3"
"2015-12-23T06:00:00.000","38","21"
"2015-12-29T18:00:00.000","50","91"
"2015-12-25T18:00:00.000","5","3"
"2015-12-10T01:00:00.000","3","2"
"2015-12-04T11:00:00.000","31","24"
"2015-12-12T21:00:00.000","4","3"
"2015-12-08T13:00:00.000","11","9"
"2015-12-20T14:00:00.000","30","22"
"2015-12-24T18:00:00.000","8","10"
"2015-12-15T00:00:00.000","5","4"
"2015-12-07T13:00:00.000","4","14"
"2015-12-18T14:00:00.000","33","26"
"2015-12-28T03:00:00.000","1","0"
"2015-12-31T07:00:00.000","49","25"
"2012-11-13T03:00:00.000","1","1"
